ImageId,ImageDescription,ImageUrl
1,Elephant,https://raw.githubusercontent.com/CortanaAnalyticsLabs/CortanaAnalyticsLabs/master/PerceptualIntelligence/Images/Elephant.jpg
2,Cat,https://raw.githubusercontent.com/CortanaAnalyticsLabs/CortanaAnalyticsLabs/master/PerceptualIntelligence/Images/BWCat.jpg
3,Family,https://raw.githubusercontent.com/CortanaAnalyticsLabs/CortanaAnalyticsLabs/master/PerceptualIntelligence/Images/Family.jpg
4,Windmills,https://raw.githubusercontent.com/CortanaAnalyticsLabs/CortanaAnalyticsLabs/master/PerceptualIntelligence/Images/Windmills.jpg
5,Sunflower,https://raw.githubusercontent.com/CortanaAnalyticsLabs/CortanaAnalyticsLabs/master/PerceptualIntelligence/Images/Sunflower.jpg
6,Bouquet,https://raw.githubusercontent.com/CortanaAnalyticsLabs/CortanaAnalyticsLabs/master/PerceptualIntelligence/Images/Bouquet.jpg
