ImageId,ImageDescription,ImageUrl
1,Deer,https://raw.githubusercontent.com/CortanaAnalyticsLabs/CortanaAnalyticsLabs/master/PerceptualIntelligence/Images/Deer.jpg
2,Elephant,https://raw.githubusercontent.com/CortanaAnalyticsLabs/CortanaAnalyticsLabs/master/PerceptualIntelligence/Images/Elephant.jpg
3,Cat,https://raw.githubusercontent.com/CortanaAnalyticsLabs/CortanaAnalyticsLabs/master/PerceptualIntelligence/Images/BWCat.jpg
4,Family,https://raw.githubusercontent.com/CortanaAnalyticsLabs/CortanaAnalyticsLabs/master/PerceptualIntelligence/Images/Family.jpg
5,Windmills,https://raw.githubusercontent.com/CortanaAnalyticsLabs/CortanaAnalyticsLabs/master/PerceptualIntelligence/Images/Windmills.jpg
6,Sunflower,https://raw.githubusercontent.com/CortanaAnalyticsLabs/CortanaAnalyticsLabs/master/PerceptualIntelligence/Images/Sunflower.jpg
7,Bouquet,https://raw.githubusercontent.com/CortanaAnalyticsLabs/CortanaAnalyticsLabs/master/PerceptualIntelligence/Images/Bouquet.jpg
8,Squirrel,https://raw.githubusercontent.com/CortanaAnalyticsLabs/CortanaAnalyticsLabs/master/PerceptualIntelligence/Images/Squirrel.jpg
9,WaterLily,https://raw.githubusercontent.com/CortanaAnalyticsLabs/CortanaAnalyticsLabs/master/PerceptualIntelligence/Images/WaterLily.jpg
