ImageId,ImageDescription,ImageUrl
1,Money,https://raw.githubusercontent.com/deldersveld/CortanaAnalyticsLabs/master/PerceptualIntelligence/Images/Benjamin.jpg
2,Cat,https://raw.githubusercontent.com/deldersveld/CortanaAnalyticsLabs/master/PerceptualIntelligence/Images/Cat.jpg
3,Cats,https://raw.githubusercontent.com/deldersveld/CortanaAnalyticsLabs/master/PerceptualIntelligence/Images/Cats.jpg
4,Child,https://raw.githubusercontent.com/deldersveld/CortanaAnalyticsLabs/master/PerceptualIntelligence/Images/Child.jpg
5,Dollar,https://raw.githubusercontent.com/deldersveld/CortanaAnalyticsLabs/master/PerceptualIntelligence/Images/Dollar.jpg
6,Farm,https://raw.githubusercontent.com/deldersveld/CortanaAnalyticsLabs/master/PerceptualIntelligence/Images/Farm.jpg
7,FoodSign,https://raw.githubusercontent.com/deldersveld/CortanaAnalyticsLabs/master/PerceptualIntelligence/Images/FoodSign.jpg
8,Fruit,https://raw.githubusercontent.com/deldersveld/CortanaAnalyticsLabs/master/PerceptualIntelligence/Images/Fruit.jpg
9,Horse,https://raw.githubusercontent.com/deldersveld/CortanaAnalyticsLabs/master/PerceptualIntelligence/Images/Horse.jpg
10,IslandSigns,https://raw.githubusercontent.com/deldersveld/CortanaAnalyticsLabs/master/PerceptualIntelligence/Images/IslandSigns.jpg
11,LaneEnds,https://raw.githubusercontent.com/deldersveld/CortanaAnalyticsLabs/master/PerceptualIntelligence/Images/LaneEnds.jpg
12,Sailboat,https://raw.githubusercontent.com/deldersveld/CortanaAnalyticsLabs/master/PerceptualIntelligence/Images/Sailboat.jpg
13,StreetSign,https://raw.githubusercontent.com/deldersveld/CortanaAnalyticsLabs/master/PerceptualIntelligence/Images/StreetSign.jpg
14,Baby,https://raw.githubusercontent.com/deldersveld/CortanaAnalyticsLabs/master/PerceptualIntelligence/Images/Baby.jpg
15,Trees,https://raw.githubusercontent.com/deldersveld/CortanaAnalyticsLabs/master/PerceptualIntelligence/Images/Trees.jpg
